Workbook

Sheet Orçamento Pós-Vendas
A1: DADOS PARA PROPOSTA
A2: Campo / Item | B2: Preenchimento / Descrição
A3: Data | B3: 46229
A4: Responsável comercial | B4: João Victor Bagetti Fuchs
A5: Nome / Razão social | B5: Nome do Cliente | D5: Lavagem dos módulos | E5: =IF(B6*8<300,300,B6*8)+B9*2*$B$10 -> 300
A6: Número total de módulos fotovoltaicos | B6: 15 | N6: Local de instalação | O6: Solo
A7: Geração anual (kWh) | B7: 1500 | O7: Telhado
A8: Geração média mensal (kWh) | B8: =B7/12 -> 125 | D8: Plano | E8: Essencial | F8: Inspeção | G8: Completo
A9: Deslocamento / distância | C9: Colocar 0 se for em Erechim | D9: Valor do plano (R$) | E9: =IF($B$8*$B$12/60<49.9,49.9,$B$8*$B$12/60) -> 49.9 | F9: =E9+E5/12 -> 74.9 | G9: =E5*2/12+E9 -> 99.9 | N9: Representantes | O9: João Victor Bagetti Fuchs | P9: 54981108228
A10: Valor R$/KM | B10: 1.5 | O10: Daniel Rotava | P10: 54996468910
A11: Potência total do sistema | B11: =15*550/1000 -> 8.25 | N11: Numerorespresentate | O11: =IF($B$4="","", "("&LEFT(INDEX($P$9:$P$10,MATCH($B$4,$O$9:$O$10,0)),2)&") "& MID(INDEX($P$9:$P$10,MATCH($B$4,$O$9:$O$10,0)),3,5)&"-"& MID(INDEX($P$9:$P$10,MATCH($B$4,$O$9:$O$10,0)),8,4)) -> (54) 98110-8228
A12: Valor do kWh (R$) | B12: 1.19 | N12: Plano do Anexo | O12: Anexo
A13: Valor do Ativo Protegido | B13: =B8*B12 -> 148.75 | O13: =B34*1 -> 898.8
A14: Perda potencial de 15% ao ano | B14: =B8*12*B12*0.15 -> 267.75
A15: Perda potencial de 20% ao ano | B15: =B8*12*B12*0.2 -> 357
A16: 20 dias sem geração | B16: =B8*B12*2/3 -> 99.166667 | I16: Item | J16: Serviço | K16: Descrição Detalhada | L16: Valor (R$) | M16: Hora Adicional (R$) | N16: Observações
A17: 30 dias sem geração | B17: =B8*B12 -> 148.75 | I17: 1 | J17: Diagnóstico Técnico | K17: Análise completa do sistema, identificação de anomalias e recomendações | L17: =250+$B$10*$B$9*2 -> 250 | M17: 150
I18: 2 | J18: Manutenção Corretiva | K18: Execução de reparos e ajustes identificados em diagnóstico. | L18: =250+$B$10*$B$9*2 -> 250 | M18: 150 | N18: Peças cobradas à parte com nota fiscal. Não será cobrado caso seja feita na visita do item anterior.
I19: 3 | J19: Inspeção Termográfica e Relatório | K19: Detecção de pontos quentes em módulos e conexões, com relatório técnico | L19: =400+$B$10*$B$9*2 -> 400 | M19: - | N19: Realizado em dias de sol, entre 10hrs e 14hrs.
I20: 4 | J20: Inspeção Técnica | K20: Inspeção visual completa de estrutura, conexões e equipamentos | L20: =E5 -> 300
I21: 5 | J21: Limpeza de Painéis Solares | K21: Limpeza profissional com remoção de poeira, sujeira e contaminantes | L21: =E5 -> 300 | M21: -
A22: DADOS PARA CONTRATO | I22: 6 | J22: Testes em Inversor para Garantia | K22: Diagnóstico e testes de funcionamento para acionamento de garantia | L22: =300+$B$10*$B$9*2 -> 300 | M22: 150 | N22: Mão de obra; peças cobertas por garantia do fabricante
A23: CPF/CNPJ | B23: 81156278015 | C23: =IF(LEN(B23)=11, LEFT(B23,3)&"."&MID(B23,4,3)&"."&MID(B23,7,3)&"-"&MID(B23,10,2), IF(LEN(B23)=14, LEFT(B23,2)&"."&MID(B23,3,3)&"."&MID(B23,6,3)&"/"&MID(B23,9,4)&"-"&MID(B23,13,2), "Digite CPF (11) ou CNPJ (14)")) -> 811.562.780-15 | I23: 7 | J23: Substituição de Inversor | K23: Remoção e instalação de novo inversor | L23: =350+$B$10*$B$9*2 -> 350 | M23: 150 | N23: Peças cobradas à parte; requer desligamento da rede elétrica
A24: Nome / Razão Social | B24: =B5 -> Nome do Cliente | I24: 8 | J24: Relatório Técnico Especializado (Seguradora) | K24: Laudo técnico detalhado para fins de seguro ou perícia | L24: =600+$B$10*$B$9*2 -> 600 | M24: - | N24: Inclui fotos, análise e recomendações
A25: Endereço completo | B25: Endereço do Cliente | I25: 9 | J25: Configuração de datalogger (monitoramento) | K25: Configuração, de datalogger com plataforma de monitoramento. Contratante deve possuir WiFi de alta qualidade e fornecer login e senha. É obrigatório que o SSID (nome da rede) tenha apenas com letras e números, sem espaços ou caracteres especiais). | L25: =150+$B$10*$B$9*2 -> 150 | M25: 150 | N25: NÃO inclui substituição de equipamento em caso de defeito
A26: Município | B26: Erechim - RS | I26: 10 | J26: Gestão de Rateio e Beneficiárias | K26: Anexo G | L26: 120 | M26: -
A27: E-mail | B27: Email do cliente | K27: Otimização de Rateio de Injeção
A28: Telefone | B28: Telefone do cliente | C28: =IF(LEN(B28)=10, "("&LEFT(B28,2)&") "&MID(B28,3,4)&"-"&MID(B28,7,4), IF(LEN(B28)=11, "("&LEFT(B28,2)&") "&MID(B28,3,5)&"-"&MID(B28,8,4), "Digite 10 ou 11 dígitos")) -> Digite 10 ou 11 dígitos | I28: 11 | J28: Auditoria e Contestação de Faturamento | K28: Saneamento de Divergências de Consumo/Injeção | L28: 200 | M28: -
A29: Local de instalação (Solo / Telhado) | B29: Telhado | K29: Recuperação de Créditos por Erro de Medição
A30: Endereço da instalação | B30: =B25 -> Endereço do Cliente | I30: 12 | J30: Manutenção de Ativos e Medição (Reclamações de falta de energia e problemas no medidor) | K30: Gestão de Ocorrências e Disponibilidade de Rede | L30: 150 | M30: -
A31: Plano Selecionado | B31: Inspeção | K31: Suporte Técnico para Sistemas de Medição
A32: Marca e modelo dos inversores | B32: Inversores do cliente | K32: Intermediação de Falhas e Manutenções de Conexão
A33: Valor do Plano Selecionado | B33: =INDEX($E$9:$G$9,MATCH($B$31,$E$8:$G$8,0)) -> 74.9 | C33: {=ValorPorExtenso(B33)} -> setenta e quatro reais e noventa centavos
A34: Valor total do Plano anual | B34: =B33*12 -> 898.8 | C34: {=ValorPorExtenso(B34)} -> oitocentos e noventa e oito reais e oitenta centavos
A36: DADOS PARA PROCURAÇÃO | J36: Diagnóstico | K36: Manutenção Corretiva | L36: Inspeção Termográfica e Relatório | M36: Inspeção Técnica | N36: Limpeza de Painéis Solares | O36: Testes em Inversor para Garantia | P36: Substituição de Inversor | Q36: Relatório Técnico Especializado (Seguradora) | R36: Configuração de datalogger (monitoramento) | S36: Gestão de Rateio e Beneficiárias | T36: Auditoria e Contestação de Faturamento | U36: Reclamações de falta de energia e problemas no medidor
A37: Nome | B37: =B5 -> Nome do Cliente
A38: CPF: | B38: CPF do cliente
A39: Endereço | B39: =B25 -> Endereço do Cliente
A40: Municipio | B40: =B26 -> Erechim - RS
A41: Data | B41: 46229

Sheet Base
A1: Data | B1: Responsavel_comercial | C1: ContatorespComercial | D1: Nome_RazaoSocial | E1: N_Modulos | F1: Geracao_anual | G1: geracao_mensal | H1: Deslocamento | I1: ValorKM | J1: ValordokWh | K1: ValordoAtivoProtegido | L1: Perda15 | M1: Perda20 | N1: 20dias | O1: 30dias | P1: CPFCNPJ | Q1: Endereco | R1: municipio | S1: Email | T1: Telefone | U1: Local Solo/Telhado | V1: Enderecoinstalacao | W1: Potenciatotal | X1: Marcainversores | Y1: PlanoSelecionado | Z1: ValordoPlanoSelecionado | AA1: Essencial | AB1: Inspecao | AC1: Completo | AD1: Valortotal | AE1: Valorescritototal | AF1: Valorescritomensal | AG1: Diagnóstico | AH1: Manutenção Corretiva | AI1: Inspeção Termográfica e Relatório | AJ1: Inspeção Técnica | AK1: Limpeza de Painéis Solares | AL1: Testes em Inversor para Garantia | AM1: Substituição de Inversor | AN1: Relatório Técnico Especializado (Seguradora) | AO1: Configuração de datalogger (monitoramento) | AP1: Gestão de Rateio e Beneficiárias | AQ1: Auditoria e Contestação de Faturamento | AR1: Reclamações de falta de energia e problemas no medidor | AS1: NomeProcuração | AT1: CPF_Procuração | AU1: EndereçoProcuração | AV1: MunicipioProcuração | AW1: DataProcuração
A2: ='Orçamento Pós-Vendas'!B3 -> 46229 | B2: ='Orçamento Pós-Vendas'!B4 -> João Victor Bagetti Fuchs | C2: ='Orçamento Pós-Vendas'!O11 -> (54) 98110-8228 | D2: ='Orçamento Pós-Vendas'!B5 -> Nome do Cliente | E2: ='Orçamento Pós-Vendas'!B6 -> 15 | F2: ='Orçamento Pós-Vendas'!B7 -> 1500 | G2: ='Orçamento Pós-Vendas'!B8 -> 125 | H2: ='Orçamento Pós-Vendas'!B9 -> 0 | I2: ='Orçamento Pós-Vendas'!B10 -> 1.5 | J2: ='Orçamento Pós-Vendas'!B12 -> 1.19 | K2: ='Orçamento Pós-Vendas'!B13 -> 148.75 | L2: ='Orçamento Pós-Vendas'!B14 -> 267.75 | M2: ='Orçamento Pós-Vendas'!B15 -> 357 | N2: ='Orçamento Pós-Vendas'!B16 -> 99.166667 | O2: ='Orçamento Pós-Vendas'!B17 -> 148.75 | P2: ='Orçamento Pós-Vendas'!C23 -> 811.562.780-15 | Q2: ='Orçamento Pós-Vendas'!B25 -> Endereço do Cliente | R2: ='Orçamento Pós-Vendas'!B26 -> Erechim - RS | S2: ='Orçamento Pós-Vendas'!B27 -> Email do cliente | T2: ='Orçamento Pós-Vendas'!C28 -> Digite 10 ou 11 dígitos | U2: ='Orçamento Pós-Vendas'!B29 -> Telhado | V2: ='Orçamento Pós-Vendas'!B30 -> Endereço do Cliente | W2: ='Orçamento Pós-Vendas'!B11 -> 8.25 | X2: ='Orçamento Pós-Vendas'!B32 -> Inversores do cliente | Y2: ='Orçamento Pós-Vendas'!B31 -> Inspeção | Z2: ='Orçamento Pós-Vendas'!B33 -> 74.9 | AA2: ='Orçamento Pós-Vendas'!E9 -> 49.9 | AB2: ='Orçamento Pós-Vendas'!F9 -> 74.9 | AC2: ='Orçamento Pós-Vendas'!G9 -> 99.9 | AD2: ='Orçamento Pós-Vendas'!B34 -> 898.8 | AE2: ='Orçamento Pós-Vendas'!C34 -> oitocentos e noventa e oito reais e oitenta centavos | AF2: ='Orçamento Pós-Vendas'!C33 -> setenta e quatro reais e noventa centavos | AG2: ='Orçamento Pós-Vendas'!L17 -> 250 | AH2: ='Orçamento Pós-Vendas'!L18 -> 250 | AI2: ='Orçamento Pós-Vendas'!L19 -> 400 | AJ2: ='Orçamento Pós-Vendas'!L20 -> 300 | AK2: ='Orçamento Pós-Vendas'!L21 -> 300 | AL2: ='Orçamento Pós-Vendas'!L22 -> 300 | AM2: ='Orçamento Pós-Vendas'!L23 -> 350 | AN2: ='Orçamento Pós-Vendas'!L24 -> 600 | AO2: ='Orçamento Pós-Vendas'!L25 -> 150 | AP2: ='Orçamento Pós-Vendas'!L26 -> 120 | AQ2: ='Orçamento Pós-Vendas'!L28 -> 200 | AR2: ='Orçamento Pós-Vendas'!L30 -> 150 | AS2: ='Orçamento Pós-Vendas'!B37 -> Nome do Cliente | AT2: ='Orçamento Pós-Vendas'!B38 -> CPF do cliente | AU2: ='Orçamento Pós-Vendas'!B39 -> Endereço do Cliente | AV2: ='Orçamento Pós-Vendas'!B40 -> Erechim - RS | AW2: ='Orçamento Pós-Vendas'!B41 -> 46229
